{"cameraMode":{"drawMode":0,"name":"Shaded","section":"Shading Mode"},"sceneLighting":true,"audioPlay":false,"sceneViewState":{"showFog":true,"showMaterialUpdate":false,"showSkybox":true,"showFlares":true,"showImageEffects":true,"showParticleSystems":true},"in2DMode":false,"pivot":{"x":24.543895721435548,"y":25.78490447998047,"z":0.6486945152282715},"rotation":{"x":0.07661382853984833,"y":-0.4966636598110199,"z":0.04406990110874176,"w":0.8634315729141235},"size":2.3334522247314455,"orthographic":false}